T,k1,k2,k4,k6,k12
8.000000000000000444e-01,2.344568645895606096e-01,1.447098474827157866e-01,1.365291719679362359e-01,1.375286164062572425e-01,1.375957525695525874e-01
8.050000000000000488e-01,2.383058779920066705e-01,1.483817114567021200e-01,1.394336849191990801e-01,1.404543824978788102e-01,1.405229472828395387e-01
8.100000000000000533e-01,2.421342196745612796e-01,1.521061240961074923e-01,1.423612020667875122e-01,1.434033194191997318e-01,1.434733235616825475e-01
8.150000000000000577e-01,2.459404078014593431e-01,1.558828587278071609e-01,1.453114336047445221e-01,1.463751337404950725e-01,1.464465886669153172e-01
8.200000000000000622e-01,2.497229963660530239e-01,1.597116437235257813e-01,1.482840922983897081e-01,1.493695356158397936e-01,1.494424518222459419e-01
8.250000000000000666e-01,2.534805746801094828e-01,1.635921685116948077e-01,1.512788963098366246e-01,1.523862412755594697e-01,1.524606303204834312e-01
8.300000000000000711e-01,2.572117691856946053e-01,1.675240721499271779e-01,1.542955616118391327e-01,1.554249634350135800e-01,1.555008364917398744e-01
8.350000000000000755e-01,2.609152424992711716e-01,1.715069561702975698e-01,1.573338185889561480e-01,1.584854278569025887e-01,1.585627947775503088e-01
8.400000000000000799e-01,2.645896966591010924e-01,1.755403747960571359e-01,1.603933911820121516e-01,1.615673584254296025e-01,1.616462293885234935e-01
8.450000000000000844e-01,2.682338685588980809e-01,1.796238327123056699e-01,1.634740146683189288e-01,1.646704841828939003e-01,1.647508698898736690e-01
8.500000000000000888e-01,2.718465364925926053e-01,1.837567903395509739e-01,1.665754261415131054e-01,1.677945384970236653e-01,1.678764498080909384e-01
8.550000000000000933e-01,2.754265154947255767e-01,1.879386590752929742e-01,1.696973654596867220e-01,1.709392597071257847e-01,1.710227057472036016e-01
8.600000000000000977e-01,2.789726602969722080e-01,1.921688007877620230e-01,1.728395806122051959e-01,1.741043896830163640e-01,1.741893804751981911e-01
8.650000000000001021e-01,2.824838637349725290e-01,1.964465305881458179e-01,1.760018225105408896e-01,1.772896742446850304e-01,1.773762203483020550e-01
8.700000000000001066e-01,2.859590593051742347e-01,2.007711108431564917e-01,1.791838461540074257e-01,1.804948649408722183e-01,1.805829759193855744e-01
8.750000000000001110e-01,2.893972185225024973e-01,2.051417564707947172e-01,1.823854149374249112e-01,1.837197173837346320e-01,1.838094019768199694e-01
8.800000000000001155e-01,2.927973520527871742e-01,2.095576308747127414e-01,1.856062925931212526e-01,1.869639914708898509e-01,1.870552601168640472e-01
8.850000000000001199e-01,2.961585108451903481e-01,2.140178462850528540e-01,1.888462519428202591e-01,1.902274512144419838e-01,1.903203127495701197e-01
8.900000000000001243e-01,2.994797848931974316e-01,2.185214643368738330e-01,1.921050710973482289e-01,1.935098673233604238e-01,1.936043313177649161e-01
8.950000000000001288e-01,3.027603027105918998e-01,2.230674972913960219e-01,1.953825317024815988e-01,1.968110133077072832e-01,1.969070886920221419e-01
9.000000000000001332e-01,3.059992321530203285e-01,2.276549033286557333e-01,1.986784239127459550e-01,2.001306680377013258e-01,2.002283640889502003e-01
9.050000000000001377e-01,3.091957802281442569e-01,2.322825923573024476e-01,2.019925414775692041e-01,2.034686167751154628e-01,2.035679425227421846e-01
9.100000000000001421e-01,3.123491922596422499e-01,2.369494251741600110e-01,2.053246889799354158e-01,2.068246494024706117e-01,2.069256132197772602e-01
9.150000000000001465e-01,3.154587511944307310e-01,2.416542085537099760e-01,2.086746704133002894e-01,2.101985585856170069e-01,2.103011691922951898e-01
9.200000000000001510e-01,3.185237788994044750e-01,2.463957010245821366e-01,2.120423027029972318e-01,2.135901433852894216e-01,2.136944096520210779e-01
9.250000000000001554e-01,3.215436358283697005e-01,2.511726131082526181e-01,2.154274089227748434e-01,2.169992092848627707e-01,2.171051398269785992e-01
9.300000000000001599e-01,3.245177175514868950e-01,2.559836063453780342e-01,2.188298164407243562e-01,2.204255661464316618e-01,2.205331693194701459e-01
9.350000000000001643e-01,3.274454584112352906e-01,2.608272914783605345e-01,2.222493639258971698e-01,2.238690269240617703e-01,2.239783112345517524e-01
9.400000000000001688e-01,3.303263283838121511e-01,2.657022355689875881e-01,2.256858935467676575e-01,2.273294123833480840e-01,2.274403862845276181e-01
9.450000000000001732e-01,3.331598340106101674e-01,2.706069557234514478e-01,2.291392601161402198e-01,2.308065473644039245e-01,2.309192184168918360e-01
9.500000000000001776e-01,3.359455178597592906e-01,2.755399282405869288e-01,2.326093257565276518e-01,2.343002619809020914e-01,2.344146383115309207e-01
9.550000000000001821e-01,3.386829568874372698e-01,2.804995802541122019e-01,2.360959577785149421e-01,2.378103883993177292e-01,2.379264787144564353e-01
9.600000000000001865e-01,3.413717617917200742e-01,2.854842979616024068e-01,2.395990369308265977e-01,2.413367698750335244e-01,2.414545811291191613e-01
9.650000000000001910e-01,3.440115797548327081e-01,2.904924256985631503e-01,2.431184541185072434e-01,2.448792507836473065e-01,2.449987917862995190e-01
9.700000000000001954e-01,3.466020905751321934e-01,2.955222662848200899e-01,2.466541074386264243e-01,2.484376796862975689e-01,2.485589574807712254e-01
9.750000000000001998e-01,3.491430048241374040e-01,3.005720848547889235e-01,2.502059064768414332e-01,2.520119116222742095e-01,2.521349342643475766e-01
9.800000000000002043e-01,3.516340688936027137e-01,3.056401047629720980e-01,2.537737743368851384e-01,2.556018078569977647e-01,2.557265822611399231e-01
9.850000000000002087e-01,3.540750579344998927e-01,3.107245191169561438e-01,2.573576418496426599e-01,2.592072303675419520e-01,2.593337657841310873e-01
9.900000000000002132e-01,3.564657795540605023e-01,3.158234793687598185e-01,2.609574561041050900e-01,2.628280504435310250e-01,2.629563534517487811e-01
9.950000000000002176e-01,3.588060720893794242e-01,3.209351100719183281e-01,2.645731748707192410e-01,2.664641418614889234e-01,2.665942194091109330e-01
1.000000000000000222e+00,3.610958034805379357e-01,3.260575018870782160e-01,2.682047690605316448e-01,2.701153831718983711e-01,2.702472432503100763e-01
1.005000000000000338e+00,3.633348698739436999e-01,3.311887153090166125e-01,2.718522263667201289e-01,2.737816569287067070e-01,2.739153063635591523e-01
1.010000000000000231e+00,3.655231970878248249e-01,3.363267869738174043e-01,2.755155498479490150e-01,2.774628527046907878e-01,2.775982998248772704e-01
1.015000000000000124e+00,3.676607373781504706e-01,3.414697244330522907e-01,2.791947539793060984e-01,2.811588616291605391e-01,2.812961122411473114e-01
1.020000000000000240e+00,3.697474722130779101e-01,3.466155145837036544e-01,2.828898782425426917e-01,2.848695818569169647e-01,2.850086441785749103e-01
1.025000000000000355e+00,3.717834066996329456e-01,3.517621209647716074e-01,2.866009724322716723e-01,2.885949153208501317e-01,2.887357961611770607e-01
1.030000000000000249e+00,3.737685741289632491e-01,3.569074882858737086e-01,2.903281089605692644e-01,2.923347664429699067e-01,2.924774732337987460e-01
1.035000000000000142e+00,3.757030319151423159e-01,3.620495461631457190e-01,2.940713796573125038e-01,2.960890460912413702e-01,2.962335857514820092e-01
1.040000000000000258e+00,3.775868606403777195e-01,3.671862090293133152e-01,2.978308984680212435e-01,2.998576703383549757e-01,3.000040492651124269e-01
1.045000000000000373e+00,3.794201665474618013e-01,3.723153783508072467e-01,3.016068009698004149e-01,3.036405575562729497e-01,3.037887830081854590e-01
1.050000000000000266e+00,3.812030766381370173e-01,3.774349434992886332e-01,3.053992475909873550e-01,3.074376321854366823e-01,3.075877116009985146e-01
1.055000000000000160e+00,3.829357420581658844e-01,3.825427896642087378e-01,3.092084198830225561e-01,3.112488206458153273e-01,3.114007604765323678e-01
1.060000000000000275e+00,3.846183335731724329e-01,3.876367939747994984e-01,3.130345291468829005e-01,3.150740567781085688e-01,3.152278634122041567e-01
1.065000000000000391e+00,3.862510449514912625e-01,3.927148326099417774e-01,3.168778153606056636e-01,3.189132772696280371e-01,3.190689589238628332e-01
1.070000000000000284e+00,3.878340869367670751e-01,3.977747795413934528e-01,3.207385424963682952e-01,3.227664238369954974e-01,3.229239858404399088e-01
1.075000000000000178e+00,3.893676934596524419e-01,4.028145097589864165e-01,3.246170106385727339e-01,3.266334414109285378e-01,3.267928916417252028e-01
1.080000000000000293e+00,3.908521136342103519e-01,4.078319052069901973e-01,3.285135473252155380e-01,3.305142820231311562e-01,3.306756256815647221e-01
1.085000000000000409e+00,3.922876177420155375e-01,4.128248507484501562e-01,3.324285176620201954e-01,3.344088996448670303e-01,3.345721454683927010e-01
1.090000000000000302e+00,3.936744893451306071e-01,4.177912430658460852e-01,3.363623187291332473e-01,3.383172560122994499e-01,3.384824093233264053e-01
1.095000000000000195e+00,3.950130334695601819e-01,4.227289886038488875e-01,3.403153847558738621e-01,3.422393149410397073e-01,3.424063831769519894e-01
1.100000000000000311e+00,3.963035691390005555e-01,4.276360097366095903e-01,3.442881875370674694e-01,3.461750467392833430e-01,3.463440358286719034e-01
1.105000000000000426e+00,3.975464266092744725e-01,4.325102388136327636e-01,3.482812407684667266e-01,3.501244246439940144e-01,3.502953426604006881e-01
1.110000000000000320e+00,3.987419590711916983e-01,4.373496339549199918e-01,3.522950963485983467e-01,3.540874315088872182e-01,3.542602840278520349e-01
1.115000000000000213e+00,3.998905262014852413e-01,4.421521682662633568e-01,3.563303504638960506e-01,3.580640515699063942e-01,3.582388445955154155e-01
1.120000000000000329e+00,4.009925048720220930e-01,4.469158418629605722e-01,3.603876413649232946e-01,3.620542766569202486e-01,3.622310176254474046e-01
1.125000000000000444e+00,4.020482836653018199e-01,4.516386744590762947e-01,3.644676505598633542e-01,3.660580985831442535e-01,3.662367946410950981e-01
1.130000000000000338e+00,4.030582637670755419e-01,4.563187180539609034e-01,3.685711112977331227e-01,3.700755249136379321e-01,3.702561821605777626e-01
1.135000000000000231e+00,4.040228583734873924e-01,4.609540522904077564e-01,3.726987976004904057e-01,3.741065611306827465e-01,3.742891856095554859e-01
1.140000000000000346e+00,4.049424903129762443e-01,4.655427867472640702e-01,3.768515380420113248e-01,3.781512226952445377e-01,3.783358216580269273e-01
1.145000000000000462e+00,4.058175939303245161e-01,4.700830663162405276e-01,3.810302001272526939e-01,3.822095278516181582e-01,3.823961074933547866e-01
1.150000000000000355e+00,4.066486119169711588e-01,4.745730682653716559e-01,3.852357084555003697e-01,3.862815014743505304e-01,3.864700694689028881e-01
1.155000000000000249e+00,4.074359977035425517e-01,4.790110120189707277e-01,3.894690351324837652e-01,3.903671800409292958e-01,3.905577424900831263e-01
1.160000000000000364e+00,4.081802130251334648e-01,4.833951501037604959e-01,3.937311976365266419e-01,3.944665999888742336e-01,3.946591634562680584e-01
1.165000000000000480e+00,4.088817267200452465e-01,4.877237795231083584e-01,3.980232669587026595e-01,3.985798067196457128e-01,3.987743782396526715e-01
1.170000000000000373e+00,4.095410176585547180e-01,4.919952411874818909e-01,4.023463613878065503e-01,4.027068547429736300e-01,4.029034410502064789e-01
1.175000000000000266e+00,4.101585678373266264e-01,4.962079125148123881e-01,4.067016416808845181e-01,4.068478007768218108e-01,4.070464080407899532e-01
1.180000000000000382e+00,4.107348704973646791e-01,5.003602252262596695e-01,4.110903189324945362e-01,4.110027102921522402e-01,4.112033456804555231e-01
1.185000000000000497e+00,4.112704218783848620e-01,5.044506517304372384e-01,4.155136481587275998e-01,4.151716581723975952e-01,4.153743288159985614e-01
1.190000000000000391e+00,4.117657241287099867e-01,5.084777172870149631e-01,4.199729243437035353e-01,4.193547225161965986e-01,4.195594349809541046e-01
1.195000000000000284e+00,4.122212856416674898e-01,5.124399941414116144e-01,4.244694820876305785e-01,4.235519926087950582e-01,4.237587539479560350e-01
1.200000000000000400e+00,4.126376176749603220e-01,5.163361053384110111e-01,4.290046904387169735e-01,4.277635629712507881e-01,4.279723799349712254e-01
1.205000000000000515e+00,4.130152378467590868e-01,5.201647256591892532e-01,4.335799486554494098e-01,4.319895315374469025e-01,4.322004105683510122e-01
1.210000000000000409e+00,4.133546678142253628e-01,5.239245844324005308e-01,4.381966880351308435e-01,4.362300133675668934e-01,4.364429630143719652e-01
1.215000000000000302e+00,4.136564273915511736e-01,5.276144627197612014e-01,4.428563548974918662e-01,4.404851180106473807e-01,4.407001446471437989e-01
1.220000000000000417e+00,4.139210474907175086e-01,5.312331969031804935e-01,4.475604183351579723e-01,4.447549764163840069e-01,4.449720847476969499e-01
1.225000000000000533e+00,4.141490548281724915e-01,5.347796793397920911e-01,4.523103515008399800e-01,4.490397152001615044e-01,4.492589136761984125e-01
1.230000000000000426e+00,4.143409832968460438e-01,5.382528600961224985e-01,4.571076323722779722e-01,4.533394786099266827e-01,4.535607748445970588e-01
1.235000000000000320e+00,4.144973625896942737e-01,5.416517396461540956e-01,4.619537302841260629e-01,4.576544101730918856e-01,4.578778101083093577e-01
1.240000000000000435e+00,4.146187316056428318e-01,5.449753839403828071e-01,4.668501026028339940e-01,4.619846705100629225e-01,4.622101800411117511e-01
1.245000000000000551e+00,4.147056209502510415e-01,5.482229077469205070e-01,4.717981764068570616e-01,4.663304174312712380e-01,4.665580440654795158e-01
1.250000000000000444e+00,4.147585719316284059e-01,5.513934911438591602e-01,4.767993522225568159e-01,4.706918321772947666e-01,4.709215795095646473e-01
1.255000000000000338e+00,4.147781189600686647e-01,5.544863665674083508e-01,4.818549735974287929e-01,4.750690905586109625e-01,4.753009632252337968e-01
1.260000000000000453e+00,4.147648003449690424e-01,5.575008270630734675e-01,4.869663289808203177e-01,4.794623854342818237e-01,4.796963877318207725e-01
1.265000000000000568e+00,4.147191516623573992e-01,5.604362251598884459e-01,4.921346379549443317e-01,4.838719216415656721e-01,4.841080547135503398e-01
1.270000000000000462e+00,4.146417085570954231e-01,5.632919677434069516e-01,4.973610250469386318e-01,4.882979045950366359e-01,4.885361689210834246e-01
1.275000000000000355e+00,4.145330090521427979e-01,5.660675226726310516e-01,5.026465212720766518e-01,4.927405642840556044e-01,4.929809588216650940e-01
1.280000000000000471e+00,4.143935851175230556e-01,5.687624144457006370e-01,5.079920325101741074e-01,4.972001312353315217e-01,4.974426485659934616e-01
1.285000000000000586e+00,4.142239708804231757e-01,5.713762223069632773e-01,5.133983337246574852e-01,5.016768521337591213e-01,5.019214817891806124e-01
1.290000000000000480e+00,4.140246969996931869e-01,5.739085860212436163e-01,5.188660496457944138e-01,5.061709880505029790e-01,5.064177133173866086e-01
1.295000000000000373e+00,4.137962941153096597e-01,5.763592025598286428e-01,5.243956353551127991e-01,5.106828178003122165e-01,5.109316127516196904e-01
1.300000000000000488e+00,4.135392891679858240e-01,5.787278206659254298e-01,5.299873530262291244e-01,5.152126301144479559e-01,5.154634583171004980e-01
1.305000000000000604e+00,4.132542085932835452e-01,5.810142488926753890e-01,5.356412621149166942e-01,5.197607382290140299e-01,5.200135485317061157e-01
1.310000000000000497e+00,4.129415731601861483e-01,5.832183460641185979e-01,5.413571913748251863e-01,5.243274654276322000e-01,5.245821888344439632e-01
1.315000000000000391e+00,4.126019043759756033e-01,5.853400313515779718e-01,5.471347284236041109e-01,5.289131687868932064e-01,5.291697100195947856e-01
1.320000000000000506e+00,4.122357193203642911e-01,5.873792711152960866e-01,5.529731854281296766e-01,5.335182197896417566e-01,5.337764527979518281e-01
1.325000000000000622e+00,4.118435327216121156e-01,5.893360860209642116e-01,5.588715905890941915e-01,5.381430189077555104e-01,5.384027796540017397e-01
1.330000000000000515e+00,4.114258534748673757e-01,5.912105494432220443e-01,5.648286668469284511e-01,5.427879986985575389e-01,5.430490710223170314e-01
1.335000000000000409e+00,4.109831908694074332e-01,5.930027840372888992e-01,5.708428063677662978e-01,5.474536245897445585e-01,5.477157228528375388e-01
1.340000000000000524e+00,4.105160484657590647e-01,5.947129641681316858e-01,5.769120588583479536e-01,5.521404025143896721e-01,5.524031601833458982e-01
1.345000000000000639e+00,4.100249247085410165e-01,5.963413088228012304e-01,5.830341015300447571e-01,5.568488756557691266e-01,5.571118208480554390e-01
1.350000000000000533e+00,4.095103174561744441e-01,5.978880875390226723e-01,5.892062361012586624e-01,5.615796429880861584e-01,5.618421696884648986e-01
1.355000000000000426e+00,4.089727198919314577e-01,5.993536180293193016e-01,5.954253651130338998e-01,5.663333631733549201e-01,5.665946998389961298e-01
1.360000000000000542e+00,4.084126175563086991e-01,6.007382564909848899e-01,6.016879678583111346e-01,5.711107503714176747e-01,5.713699180276423650e-01
1.365000000000000657e+00,4.078304956245395463e-01,6.020424079966616437e-01,6.079901028999138424e-01,5.759126044890819918e-01,5.761683647020902077e-01
1.370000000000000551e+00,4.072268335741925926e-01,6.032665218946855479e-01,6.143273907177617676e-01,5.807398086132844472e-01,5.809906053921846114e-01
1.375000000000000444e+00,4.066021067616888418e-01,6.044110837377660861e-01,6.206949970388733195e-01,5.855933507825652473e-01,5.858372328637619919e-01
1.380000000000000560e+00,4.059567849745706059e-01,6.054766238783318988e-01,6.270876392422410905e-01,5.904743339479880948e-01,5.907088711509802526e-01
1.385000000000000675e+00,4.052913337249111070e-01,6.064637080993587892e-01,6.334995647638844707e-01,5.953840002603796311e-01,5.956061704426310888e-01
1.390000000000000568e+00,4.046062146501052115e-01,6.073729416122832792e-01,6.399245674537649142e-01,6.003237484364379872e-01,6.005298169720065804e-01
1.395000000000000462e+00,4.039018834489651044e-01,6.082049660105506295e-01,6.463559784197772107e-01,6.052951650803441996e-01,6.054805304134271982e-01
1.400000000000000577e+00,4.031787905756091805e-01,6.089604545955753512e-01,6.527866720507095044e-01,6.103000432577945222e-01,6.104590646316412350e-01
1.405000000000000693e+00,4.024373819533357821e-01,6.096401191391102037e-01,6.592090829193878454e-01,6.153404266728838001e-01,6.154662177970674497e-01
1.410000000000000586e+00,4.016781034654750560e-01,6.102447023836891082e-01,6.656152100359417068e-01,6.204186425073923150e-01,6.205028289318906820e-01
1.415000000000000480e+00,4.009013860661882478e-01,6.107749716333102930e-01,6.719966304324922479e-01,6.255373282748613040e-01,6.255697765689129941e-01
1.420000000000000595e+00,4.001076611626077084e-01,6.112317314377337940e-01,6.783445327096518929e-01,6.306994950922021337e-01,6.306679962886366786e-01
1.425000000000000711e+00,3.992973570288163021e-01,6.116158112301487426e-01,6.846497267287703359e-01,6.359085630736064365e-01,6.357984723537328797e-01
1.430000000000000604e+00,3.984708926063619816e-01,6.119280634941939301e-01,6.909026844104108056e-01,6.411684176654832701e-01,6.409622561398545804e-01
1.435000000000000497e+00,3.976286839235678161e-01,6.121693736804715291e-01,6.970935649164292647e-01,6.464834514141595267e-01,6.461604543506196396e-01
1.440000000000000613e+00,3.967711394636810329e-01,6.123406405933454755e-01,7.032122490713280660e-01,6.518586198822621247e-01,6.513942483010739526e-01
1.445000000000000728e+00,3.958986660279608660e-01,6.124427964715465356e-01,7.092483906123718818e-01,6.572994992060102737e-01,6.566649036410248108e-01
1.450000000000000622e+00,3.950116612028155560e-01,6.124767869208905813e-01,7.151914482750324487e-01,6.628123176199987032e-01,6.619737622282075851e-01
1.455000000000000515e+00,3.941105195659490579e-01,6.124435811194486323e-01,7.210307418392682965e-01,6.684039896964758531e-01,6.673222596542685014e-01
1.460000000000000631e+00,3.931956296243656612e-01,6.123441627847727720e-01,7.267554967116399700e-01,6.740821510842213149e-01,6.727119363025838572e-01
1.465000000000000746e+00,3.922673745959672775e-01,6.121795362434848675e-01,7.323548962578922961e-01,6.798551443021331187e-01,6.781444342929269231e-01
1.470000000000000639e+00,3.913261328847285614e-01,6.119507221824530552e-01,7.378181472716963674e-01,6.857320059783237332e-01,6.836215178340768750e-01
1.475000000000000533e+00,3.903722762765850507e-01,6.116587526583397993e-01,7.431345208752663245e-01,6.917224038338611880e-01,6.891450726742578414e-01
1.480000000000000648e+00,3.894061710596476988e-01,6.113046738942532476e-01,7.482934296909607985e-01,6.978365274878942648e-01,6.947171245652586924e-01
1.485000000000000764e+00,3.884281798305357913e-01,6.108895448497800862e-01,7.532844722191183173e-01,7.040849521411378653e-01,7.003398488336647354e-01
1.490000000000000657e+00,3.874386590396740604e-01,6.104144360952192816e-01,7.580974948950828241e-01,7.104783812561524803e-01,7.060155787819158979e-01
1.495000000000000551e+00,3.864379588136569454e-01,6.098804230225688405e-01,7.627226589435046611e-01,7.170273756695879630e-01,7.117468334694180276e-01
1.500000000000000666e+00,3.854264257752150757e-01,6.092886015718338433e-01,7.671504974604562710e-01,7.237419480388144200e-01,7.175363336831001027e-01
1.505000000000000782e+00,3.844043972345281279e-01,6.086400591631683232e-01,7.713719571200710057e-01,7.306310607113624123e-01,7.233870281997405449e-01
1.510000000000000675e+00,3.833722113610883997e-01,6.079359003718922683e-01,7.753784747532859178e-01,7.377020316634567143e-01,7.293021295673444149e-01
1.515000000000000568e+00,3.823301967054161810e-01,6.071772287186141259e-01,7.791620115471523667e-01,7.449598025355278486e-01,7.352851478414915709e-01
1.520000000000000684e+00,3.812786760271082431e-01,6.063651584753418922e-01,7.827151103434464297e-01,7.524061097186066638e-01,7.413399492151032666e-01
1.525000000000000799e+00,3.802179691869691514e-01,6.055008013150512403e-01,7.860309382934365097e-01,7.600385284745052594e-01,7.474707943877505478e-01
1.530000000000000693e+00,3.791483906634420809e-01,6.045852710467871649e-01,7.891033264018081361e-01,7.678494344154355167e-01,7.536824071441299289e-01
1.535000000000000586e+00,3.780702480449262270e-01,6.036196891323623026e-01,7.919268014433548108e-01,7.758249203959625140e-01,7.599800383706337703e-01
1.540000000000000702e+00,3.769838442568841930e-01,6.026051674057344432e-01,7.944966247697142769e-01,7.839436860157538156e-01,7.663695315329737134e-01
1.545000000000000817e+00,3.758894791494606924e-01,6.015428261374470287e-01,7.968088117382703395e-01,7.921759873774640859e-01,7.728574328480513067e-01
1.550000000000000711e+00,3.747874449233636329e-01,6.004337790743722314e-01,7.988601437025625307e-01,8.004827167118482301e-01,7.794510628156285925e-01
1.555000000000000604e+00,3.736780297558530139e-01,5.992791354569874107e-01,8.006481986344574642e-01,8.088147201767984518e-01,7.861586897572884203e-01
1.560000000000000719e+00,3.725615159577701507e-01,5.980800072791228050e-01,8.021713426042968997e-01,8.171124461320292687e-01,7.929896964409269833e-01
1.565000000000000835e+00,3.714381822672587763e-01,5.968375010567686934e-01,8.034287416980316898e-01,8.253060191065758611e-01,7.999548556303364144e-01
1.570000000000000728e+00,3.703083023554045172e-01,5.955527143242104193e-01,8.044203467294512855e-01,8.333158710782666567e-01,8.070666705650713091e-01
1.575000000000000622e+00,3.691721426057893995e-01,5.942267436109818224e-01,8.051468963043988403e-01,8.410539899528227670e-01,8.143398415094708076e-01
1.580000000000000737e+00,3.680299672215172069e-01,5.928606753879964719e-01,8.056098919961843796e-01,8.484258056418174654e-01,8.217917856079286487e-01
1.585000000000000853e+00,3.668820353375237264e-01,5.914555955000014853e-01,8.058115802123126947e-01,8.553327498017632147e-01,8.294433490019242905e-01
1.590000000000000746e+00,3.657285998448502329e-01,5.900125761892919263e-01,8.057549246753841210e-01,8.616753698165173780e-01,8.373197113664692104e-01
1.595000000000000639e+00,3.645699097365452945e-01,5.885326841292839450e-01,8.054435817195230163e-01,8.673569008099684119e-01,8.454518547951210827e-01
1.600000000000000755e+00,3.634062107238379968e-01,5.870169786703629544e-01,8.048818628481062554e-01,8.722870784794172216e-01,8.538789156631314547e-01
1.605000000000000870e+00,3.622377401635292760e-01,5.854665072080326160e-01,8.040746931980984336e-01,8.763859199978356607e-01,8.626518441245960567e-01
1.610000000000000764e+00,3.610647365492882233e-01,5.838823097659153749e-01,8.030275762083154412e-01,8.795872727040969785e-01,8.718388160255945429e-01
1.615000000000000657e+00,3.598874262322750428e-01,5.822654161413700624e-01,8.017465495857581947e-01,8.818417597056265045e-01,8.815342096890613766e-01
1.620000000000000773e+00,3.587060379528497212e-01,5.806168444433271736e-01,8.002381331184698077e-01,8.831189471703031479e-01,8.918771788302142234e-01
1.625000000000000888e+00,3.575207934702897550e-01,5.789376024967211043e-01,7.985092923545882293e-01,8.834085562792198809e-01,9.030905462892319102e-01
1.630000000000000782e+00,3.563319081534290222e-01,5.772286885563640002e-01,7.965673815957257098e-01,8.827205790695740184e-01,9.156068806714938724e-01
1.635000000000000675e+00,3.551395966672201143e-01,5.754910855060305641e-01,7.944200955467555225e-01,8.810843639417423878e-01,9.313376102559892677e-01
1.640000000000000790e+00,3.539440663846706303e-01,5.737257695237476529e-01,7.920754291035340122e-01,8.785467464456080400e-01,9.498133310614781388e-01
1.645000000000000906e+00,3.527455234630940684e-01,5.719336944409739720e-01,7.895416144254601143e-01,8.751693972142154943e-01,9.357737769699620012e-01
1.650000000000000799e+00,3.515441665769005741e-01,5.701158142912280402e-01,7.868270897826161736e-01,8.710256445443325113e-01,9.179560101046929654e-01
1.655000000000000693e+00,3.503401926641115938e-01,5.682730625478085162e-01,7.839404376697172161e-01,8.661970125978251112e-01,9.031466200337683325e-01
1.660000000000000808e+00,3.491337935646046109e-01,5.664063582644377481e-01,7.808903501560497951e-01,8.607697499085635862e-01,8.899846159504681831e-01
1.665000000000000924e+00,3.479251574045607587e-01,5.645166108569913410e-01,7.776855795538222260e-01,8.548315504952612720e-01,8.779223843402578220e-01
1.670000000000000817e+00,3.467144688951153131e-01,5.626047190454567248e-01,7.743349019206928752e-01,8.484686565424230942e-01,8.666749620056539705e-01
1.675000000000000711e+00,3.455019066622712631e-01,5.606715586248258720e-01,7.708470736000898604e-01,8.417634538127054533e-01,8.560701244331173632e-01
1.680000000000000826e+00,3.442876479908820175e-01,5.587179976274116999e-01,7.672307996919873752e-01,8.347926222818107256e-01,8.459927865978049688e-01
1.685000000000000941e+00,3.430718661723288765e-01,5.567448908128106444e-01,7.634946926438073156e-01,8.276258484596349385e-01,8.363615965412135589e-01
1.690000000000000835e+00,3.418547293065900550e-01,5.547530751903732016e-01,7.596472496618216219e-01,8.203250614391426332e-01,8.271163534190333344e-01
1.695000000000000728e+00,3.406364020952513672e-01,5.527433756302715384e-01,7.556968196142936911e-01,8.129441245441353381e-01,8.182105907705853332e-01
1.700000000000000844e+00,3.394170469128711676e-01,5.507166015217281885e-01,7.516515743155598450e-01,8.055289080433074567e-01,8.096073694119358954e-01
1.705000000000000959e+00,3.381968207338827415e-01,5.486735517068467294e-01,7.475194990569372644e-01,7.981176622529067011e-01,8.012767879450604092e-01
1.710000000000000853e+00,3.369758788407397621e-01,5.466150020416730149e-01,7.433083553265444898e-01,7.907415843511070852e-01,7.931942495220671852e-01
1.715000000000000746e+00,3.357543690785115831e-01,5.445417216853878362e-01,7.390256696060418795e-01,7.834255126204506814e-01,7.853391936019086250e-01
1.720000000000000862e+00,3.345324428138953254e-01,5.424544625665109754e-01,7.346787281647951806e-01,7.761887203017185932e-01,7.776941676507225232e-01
1.725000000000000977e+00,3.333102434888159937e-01,5.403539616921640976e-01,7.302745500148426494e-01,7.690456587383658338e-01,7.702441285950549776e-01
1.730000000000000870e+00,3.320879095713992757e-01,5.382409415832792865e-01,7.258198909787521025e-01,7.620067475744289887e-01,7.629759778882143628e-01
1.735000000000000764e+00,3.308655806422146628e-01,5.361161084116441433e-01,7.213212228762703182e-01,7.550790562560475427e-01,7.558782092031983701e-01
1.740000000000000879e+00,3.296433904509401547e-01,5.339801617010312418e-01,7.167847344602410464e-01,7.482669442726578302e-01,7.489406422234172744e-01
1.745000000000000995e+00,3.284214687648836506e-01,5.318337735915615871e-01,7.122163363337823405e-01,7.415726265025407438e-01,7.421542331598200981e-01
1.750000000000000888e+00,3.271999451937014913e-01,5.296776128260741734e-01,7.076216411716632626e-01,7.349966421044134002e-01,7.355108936901726402e-01
1.755000000000000782e+00,3.259789441178996827e-01,5.275123278492003243e-01,7.030059791501844790e-01,7.285382719701697374e-01,7.290033571405456492e-01
1.760000000000000897e+00,3.247585865651105297e-01,5.253385561942993665e-01,6.983743949717794441e-01,7.221958691516765505e-01,7.226250636094282420e-01
1.765000000000001013e+00,3.235389925115851883e-01,5.231569187524879316e-01,6.937316453148327788e-01,7.159671129219895569e-01,7.163700319334780353e-01
1.770000000000000906e+00,3.223202773283697642e-01,5.209680249529394791e-01,6.890822171534697338e-01,7.098492500801082405e-01,7.102328161390228933e-01
1.775000000000000799e+00,3.211025540794666955e-01,5.187724670008279082e-01,6.844303117869990905e-01,7.038392403901919669e-01,7.042084066044566049e-01
1.780000000000000915e+00,3.198859338837680699e-01,5.165708223220379924e-01,6.797798709667904893e-01,6.979338946910833563e-01,6.982921855280824763e-01
1.785000000000001030e+00,3.186705231128519333e-01,5.143636616034011899e-01,6.751345777800126235e-01,6.921299733775313490e-01,6.924798890539656249e-01
1.790000000000000924e+00,3.174564276964277343e-01,5.121515343176066271e-01,6.704978536453690685e-01,6.864242440318695238e-01,6.867675459965032481e-01
1.795000000000000817e+00,3.162437487325144292e-01,5.099349787196507666e-01,6.658728892072754979e-01,6.808135432101461992e-01,6.811514744275996014e-01
1.800000000000000933e+00,3.150325860179494231e-01,5.077145236231930259e-01,6.612626298529992175e-01,6.752948004784546931e-01,6.756282333597599665e-01
1.805000000000000826e+00,3.138230360277828868e-01,5.054906785872950170e-01,6.566697947163472326e-01,6.698650544056942158e-01,6.701946112175342085e-01
1.810000000000000941e+00,3.126151930765709852e-01,5.032639440383237517e-01,6.520968932477447799e-01,6.645214844636097018e-01,6.648475971693383890e-01
1.815000000000001057e+00,3.114091517086860494e-01,5.010348066536444156e-01,6.475462203547891482e-01,6.592613861922117513e-01,6.595843660250904072e-01
1.820000000000000950e+00,3.102049966008381676e-01,4.988037370967648432e-01,6.430198765716713671e-01,6.540821956191326114e-01,6.544022644439100311e-01
1.825000000000000844e+00,3.090028178276417736e-01,4.965712019022741064e-01,6.385197768632447923e-01,6.489814739274460953e-01,6.492987956463472932e-01
1.830000000000000959e+00,3.078026991554240754e-01,4.943376438659721206e-01,6.340476510890983297e-01,6.439569028016126628e-01,6.442716009824603907e-01
1.835000000000001075e+00,3.066047244781879288e-01,4.921035028604417438e-01,6.296050710052906174e-01,6.390062874017670147e-01,6.393184541919619823e-01
1.840000000000000968e+00,3.054089696519214914e-01,4.898692022692333059e-01,6.251934364875925132e-01,6.341275413745964817e-01,6.344372489941466631e-01
1.845000000000000862e+00,3.042155163179850463e-01,4.876351532268066724e-01,6.208140082708538676e-01,6.293186715844448775e-01,6.296259811122698613e-01
1.850000000000000977e+00,3.030244388413373957e-01,4.854017556454873761e-01,6.164678948428207184e-01,6.245777954272394572e-01,6.248827570831676503e-01
1.855000000000001092e+00,3.018358120421285040e-01,4.831694009099777309e-01,6.121560836425126162e-01,6.199031060871722509e-01,6.202057611670590553e-01
1.860000000000000986e+00,3.006497041857515984e-01,4.809384667714414197e-01,6.078794319108741240e-01,6.152928871738797545e-01,6.155932778595389898e-01
1.865000000000000879e+00,2.994661860100668593e-01,4.787093196156890773e-01,6.036386810259756208e-01,6.107454994130904202e-01,6.110436600803573759e-01
1.870000000000000995e+00,2.982853249511309701e-01,4.764823126190978475e-01,5.994344673609933727e-01,6.062593733258129225e-01,6.065553383449721059e-01
1.875000000000001110e+00,2.971071871860077596e-01,4.742577922045579375e-01,5.952673270970268993e-01,6.018330134249797458e-01,6.021268113276526668e-01
1.880000000000001004e+00,2.959318355344466300e-01,4.720360929155734131e-01,5.911376957090656026e-01,5.974649719853178942e-01,5.977566362513901943e-01
1.885000000000000897e+00,2.947593285829165910e-01,4.698175380701832271e-01,5.870459338341852407e-01,5.931538788783722316e-01,5.934434366838828856e-01
1.890000000000001013e+00,2.935897307065895023e-01,4.676024395888769281e-01,5.829923153832797800e-01,5.888984051405369291e-01,5.891858860995750069e-01
1.895000000000001128e+00,2.924230940593021688e-01,4.653911028718041853e-01,5.789770411468446731e-01,5.846972802214803755e-01,5.849827088344475845e-01
1.900000000000001021e+00,2.912594790904778352e-01,4.631838212088015827e-01,5.750002505244825590e-01,5.805492862887010608e-01,5.808326903222752469e-01
1.905000000000000915e+00,2.900989368959107639e-01,4.609808772937376564e-01,5.710620101895271805e-01,5.764532422736227124e-01,5.767346451779346017e-01
1.910000000000001030e+00,2.889415197038227023e-01,4.587825485824484351e-01,5.671623411807050763e-01,5.724080173385995840e-01,5.726874466804868780e-01
1.915000000000001146e+00,2.877872808970673435e-01,4.565890940277931298e-01,5.633012030614729104e-01,5.684125186056213641e-01,5.686899950529958891e-01
1.920000000000001039e+00,2.866362673614732404e-01,4.544007772722127303e-01,5.594785191931354040e-01,5.644656995684730338e-01,5.647412504572461023e-01
1.925000000000000933e+00,2.854885253922302413e-01,4.522178397692313556e-01,5.556941583884091873e-01,5.605665399865958909e-01,5.608401857093440190e-01
1.930000000000001048e+00,2.843441036937123800e-01,4.500405227680917553e-01,5.519479617110970571e-01,5.567140657358752298e-01,5.569858338083658600e-01
1.935000000000001164e+00,2.832030448252089161e-01,4.478690535536514195e-01,5.482397258771424253e-01,5.529073259935571860e-01,5.531772347988632710e-01
1.940000000000001057e+00,2.820653915902583964e-01,4.457036599037070279e-01,5.445692299099750278e-01,5.491454148565114712e-01,5.494134877626070113e-01
1.945000000000000950e+00,2.809311810014759603e-01,4.435445454720190472e-01,5.409362056396640472e-01,5.454274401650586190e-01,5.456936995273945490e-01
1.950000000000001066e+00,2.798004602344585368e-01,4.413919219459219168e-01,5.373403752950703938e-01,5.417525502871004539e-01,5.420170122394377676e-01
1.955000000000001181e+00,2.786732637594104278e-01,4.392459852708976986e-01,5.337814362882390418e-01,5.381199187670663298e-01,5.383826105187510258e-01
1.960000000000001075e+00,2.775496262419354099e-01,4.371069289366150135e-01,5.302590649147734814e-01,5.345287487479314370e-01,5.347896869345450943e-01
1.965000000000000968e+00,2.764295838630916324e-01,4.349749234366930839e-01,5.267729096425369795e-01,5.309782504014928239e-01,5.312374536270428882e-01
1.970000000000001084e+00,2.753131752220029926e-01,4.328501570927125730e-01,5.233226284806494766e-01,5.274676844946315502e-01,5.277251742241698684e-01
1.975000000000001199e+00,2.742004282185741548e-01,4.307327919894635149e-01,5.199078475459643078e-01,5.239963158376607089e-01,5.242521102843958891e-01
1.980000000000001092e+00,2.730913753135057465e-01,4.286229878225358281e-01,5.165281893404486402e-01,5.205634376759252779e-01,5.208175588000688583e-01
1.985000000000000986e+00,2.719860483058058054e-01,4.265209040743569435e-01,5.131832653193504346e-01,5.171683625093684844e-01,5.174208237124225951e-01
1.990000000000001101e+00,2.708844743559703505e-01,4.244266810138344059e-01,5.098726789509736568e-01,5.138104193935790764e-01,5.140612404530567892e-01
1.995000000000001217e+00,2.697866799228345047e-01,4.223404669223554397e-01,5.065960319239340981e-01,5.104889591678322125e-01,5.107381614266607306e-01
2.000000000000000888e+00,2.686926969808213217e-01,4.202623893334591632e-01,5.033529126841076451e-01,5.072033526509758250e-01,5.074509483726787895e-01
2.005000000000000782e+00,2.676025443992814390e-01,4.181925823798506303e-01,5.001429213047361433e-01,5.039529883588136361e-01,5.041989993326281283e-01
2.010000000000001119e+00,2.665162509951636283e-01,4.161311659056645684e-01,4.969656362630029411e-01,5.007372603627050500e-01,5.009817028223120250e-01
2.015000000000001457e+00,2.654338346375075264e-01,4.140782546901980443e-01,4.938206482774102901e-01,4.975555939923385629e-01,4.977984830323304299e-01
2.020000000000001350e+00,2.643553227521523996e-01,4.120339651203511200e-01,4.907075480042881188e-01,4.944074230284204452e-01,4.946487766277488651e-01
2.025000000000001243e+00,2.632807362623614256e-01,4.099983967831291598e-01,4.876259148967058143e-01,4.912921894806302481e-01,4.915320199860853667e-01
2.030000000000001137e+00,2.622100908689086185e-01,4.079716534510782200e-01,4.845753442106474074e-01,4.882093667979429119e-01,4.884476925859362884e-01
2.035000000000001030e+00,2.611434082910870091e-01,4.059538304912460038e-01,4.815554197357133082e-01,4.851584169951465020e-01,4.853952539440877789e-01
2.040000000000000924e+00,2.600807059316425085e-01,4.039450147708125161e-01,4.785657363992614766e-01,4.821388390929828294e-01,4.823742010096057631e-01
2.045000000000000817e+00,2.590220013731771020e-01,4.019452913739398059e-01,4.756058882393612297e-01,4.791501306333770249e-01,4.793840328631839842e-01
2.050000000000001155e+00,2.579673092029112769e-01,3.999547413147122032e-01,4.726754712192085539e-01,4.761918000584233757e-01,4.764242604093918976e-01
2.055000000000001492e+00,2.569166446353411959e-01,3.979734383041669266e-01,4.697740879067162090e-01,4.732633797255307306e-01,4.734944093642837748e-01
2.060000000000001386e+00,2.558700239863044845e-01,3.960014559911687604e-01,4.669013462743624165e-01,4.703644029735446486e-01,4.705940196236827466e-01
2.065000000000001279e+00,2.548274578173527760e-01,3.940388533008046257e-01,4.640568511427026199e-01,4.674944143212570458e-01,4.677226253602120853e-01
2.070000000000001172e+00,2.537889609866008089e-01,3.920857000072610621e-01,4.612402193981959830e-01,4.646529710794491952e-01,4.648797973372256753e-01
2.075000000000001066e+00,2.527545425734524231e-01,3.901420487728570752e-01,4.584510673255606794e-01,4.618396436006924066e-01,4.620650932263273281e-01
2.080000000000000959e+00,2.517242145927413022e-01,3.882079543515717379e-01,4.556890217699563483e-01,4.590540067539452540e-01,4.592780986456548309e-01
2.085000000000000853e+00,2.506979878724725497e-01,3.862834657575310859e-01,4.529537096997772738e-01,4.562956437725864678e-01,4.565183910132388778e-01
2.090000000000001190e+00,2.496758725123450484e-01,3.843686308502294313e-01,4.502447624665786852e-01,4.535641547964711084e-01,4.537855706288065893e-01
2.095000000000001528e+00,2.486578732319168483e-01,3.824634861004930775e-01,4.475618229160541750e-01,4.508591446006353087e-01,4.510792354495144485e-01
2.100000000000001421e+00,2.476440005061421867e-01,3.805680760526899964e-01,4.449045344134819890e-01,4.481802227340739853e-01,4.483990067916113764e-01
2.105000000000001315e+00,2.466342608276052839e-01,3.786824310003658600e-01,4.422725432640109422e-01,4.455270120717894078e-01,4.457445007122198821e-01
2.110000000000001208e+00,2.456286604157755238e-01,3.768065836973202298e-01,4.396655095995075091e-01,4.428991443683474860e-01,4.431153505146670502e-01
2.115000000000001101e+00,2.446272033440612115e-01,3.749405628272752811e-01,4.370830935285232588e-01,4.402962562144454584e-01,4.405111910643635387e-01
2.120000000000000995e+00,2.436298967012363592e-01,3.730843906168959112e-01,4.345249556791943579e-01,4.377179863457316689e-01,4.379316640612531675e-01
2.125000000000000888e+00,2.426367449737122373e-01,3.712380926834681349e-01,4.319907733196794442e-01,4.351639927291374721e-01,4.353764238573811229e-01
2.130000000000001226e+00,2.416477504962878664e-01,3.694016829558501858e-01,4.294802198145932781e-01,4.326339348903476822e-01,4.328451301116589267e-01
2.135000000000001563e+00,2.406629153317576542e-01,3.675751810927610497e-01,4.269929779210371867e-01,4.301274735285524065e-01,4.303374446046340784e-01
2.140000000000001457e+00,2.396822422268131692e-01,3.657585973604329799e-01,4.245287371151821310e-01,4.276442862805044376e-01,4.278530460632982146e-01
2.145000000000001350e+00,2.387057336761257142e-01,3.639519430165274461e-01,4.220871899263126115e-01,4.251840546509735863e-01,4.253916151863993411e-01
2.150000000000001243e+00,2.377333938374805167e-01,3.621552274735153620e-01,4.196680286949752703e-01,4.227464612593936910e-01,4.229528309140919706e-01
2.155000000000001137e+00,2.367652165968793521e-01,3.603684511155337833e-01,4.172709638172735769e-01,4.203312004447126160e-01,4.205363881770732282e-01
2.160000000000001030e+00,2.358012084791029084e-01,3.585916186388262705e-01,4.148956981175901393e-01,4.179379635971260942e-01,4.181419851967407286e-01
2.165000000000000924e+00,2.348413647668136095e-01,3.568247343110899084e-01,4.125419470113468878e-01,4.155664617799816885e-01,4.157693240658402178e-01
2.170000000000001261e+00,2.338856857608818951e-01,3.550677913821689291e-01,4.102094324465180297e-01,4.132164043357813843e-01,4.134181200088351549e-01
2.175000000000001599e+00,2.329341720175295005e-01,3.533207869443891203e-01,4.078978743438102517e-01,4.108875090669265040e-01,4.110880866214919882e-01
2.180000000000001492e+00,2.319868190348019499e-01,3.515837132805901821e-01,4.056070003111147959e-01,4.085794883534890620e-01,4.087789392981380776e-01
2.185000000000001386e+00,2.310436230246183942e-01,3.498565602511052863e-01,4.033365360844867742e-01,4.062920690395269152e-01,4.064904050127274293e-01
2.190000000000001279e+00,2.301045848196460741e-01,3.481393206317131561e-01,4.010862284165031544e-01,4.040249887649063898e-01,4.042222195899117243e-01
2.195000000000001172e+00,2.291697011613803847e-01,3.464319823653917996e-01,3.988558210010764160e-01,4.017779844456284000e-01,4.019741186001015709e-01
2.200000000000001066e+00,2.282389622187964984e-01,3.447345260809699385e-01,3.966450530246137252e-01,3.995507952492263204e-01,3.997458388749211000e-01
2.205000000000000959e+00,2.273123711060699437e-01,3.430469436316309628e-01,3.944536777711340481e-01,3.973431612036562033e-01,3.975371273867713828e-01
2.210000000000001297e+00,2.263899190113606574e-01,3.413692063425346479e-01,3.922814441859048817e-01,3.951548360170422658e-01,3.953477345453040304e-01
2.215000000000001634e+00,2.254716012994874563e-01,3.397013046324562358e-01,3.901281219587107718e-01,3.929855769546634070e-01,3.931774211718422340e-01
2.220000000000001528e+00,2.245574141168661941e-01,3.380432127553236743e-01,3.879934687800459803e-01,3.908351419701364127e-01,3.910259325401457819e-01
2.225000000000001421e+00,2.236473494676706475e-01,3.363949069135065972e-01,3.858772539666602275e-01,3.887032991478636124e-01,3.888930516060543074e-01
2.230000000000001315e+00,2.227414021072073036e-01,3.347563692579493821e-01,3.837792452698887136e-01,3.865898085431143105e-01,3.867785276812088502e-01
2.235000000000001208e+00,2.218395675956942314e-01,3.331275661355717066e-01,3.816992173399926802e-01,3.844944454622913899e-01,3.846821406150449096e-01
2.240000000000001101e+00,2.209418348542159238e-01,3.315084718025220201e-01,3.796369553299430155e-01,3.824169852606476017e-01,3.826036663667766735e-01
2.245000000000000995e+00,2.200481985603631729e-01,3.298990630462574347e-01,3.775922371107578446e-01,3.803572103655563641e-01,3.805428839842585620e-01
2.250000000000001332e+00,2.191586507271915674e-01,3.282993052411422585e-01,3.755648492198562227e-01,3.783149019054301565e-01,3.784995801781045888e-01
2.255000000000001670e+00,2.182731841859910094e-01,3.267091707637173048e-01,3.735545799898879471e-01,3.762898437431608234e-01,3.764735329259142338e-01
2.260000000000001563e+00,2.173917921011183085e-01,3.251286290506529841e-01,3.715612286425698518e-01,3.742818365992664487e-01,3.744645470460386538e-01
2.265000000000001457e+00,2.165144614429960479e-01,3.235576430615785259e-01,3.695845838236346825e-01,3.722906650860393629e-01,3.724724022313721794e-01
2.270000000000001350e+00,2.156411890563704470e-01,3.219961808165196504e-01,3.676244527595076139e-01,3.703161323476147349e-01,3.704969052309439737e-01
2.275000000000001243e+00,2.147719595502196599e-01,3.204442073856397233e-01,3.656806347285270764e-01,3.683580406033117871e-01,3.685378568485389028e-01
2.280000000000001137e+00,2.139067679518548426e-01,3.189016874038942961e-01,3.637529382238826603e-01,3.664161906691278392e-01,3.665950625464378110e-01
2.285000000000001030e+00,2.130456020710270459e-01,3.173685805157868134e-01,3.618411719596982823e-01,3.644903926347533019e-01,3.646683208646807617e-01
2.290000000000001368e+00,2.121884531058883250e-01,3.158448504891888109e-01,3.599451444014081236e-01,3.625804532902956456e-01,3.627574503317634869e-01
2.295000000000001705e+00,2.113353146682152572e-01,3.143304596708864640e-01,3.580646790868338702e-01,3.606861960003818202e-01,3.608622672979236445e-01
2.300000000000001599e+00,2.104861710705564770e-01,3.128253694972829013e-01,3.561995892908956240e-01,3.588074236393625771e-01,3.589825787964076587e-01
2.305000000000001492e+00,2.096410130980609632e-01,3.113295374290727668e-01,3.543497009794729369e-01,3.569439695838563242e-01,3.571182136974384580e-01
2.310000000000001386e+00,2.087998283406557187e-01,3.098429261561010950e-01,3.525148375937983136e-01,3.550956493514336731e-01,3.552689983599147117e-01
2.315000000000001279e+00,2.079626073336894587e-01,3.083654882485299953e-01,3.506948190279414734e-01,3.532622897395312211e-01,3.534347381317639036e-01
2.320000000000001172e+00,2.071293430816469050e-01,3.068971882136397045e-01,3.488894848047154329e-01,3.514437243445913128e-01,3.516152851545941149e-01
2.325000000000001066e+00,2.063000125063220169e-01,3.054379773437255752e-01,3.470986597309268507e-01,3.496397745661463108e-01,3.498104537202897379e-01
2.330000000000001403e+00,2.054746166346711755e-01,3.039878168697998095e-01,3.453221884330839320e-01,3.478502852050093797e-01,3.480200923244860522e-01
2.335000000000001741e+00,2.046531362764893447e-01,3.025466568262749623e-01,3.435598946421872246e-01,3.460750791206559929e-01,3.462440213308773385e-01
2.340000000000001634e+00,2.038355598710241134e-01,3.011144593267902625e-01,3.418116334774625731e-01,3.443140069059327235e-01,3.444820867359867922e-01
2.345000000000001528e+00,2.030218762860692971e-01,2.996911742358945308e-01,3.400772392225806517e-01,3.425669081624784784e-01,3.427341365225269332e-01
2.350000000000001421e+00,2.022120753508717395e-01,2.982767588810554815e-01,3.383565590486805608e-01,3.408336208043929449e-01,3.410000008807758665e-01
2.355000000000001315e+00,2.014061400290591275e-01,2.968711676887282880e-01,3.366494338330474623e-01,3.391139899588948015e-01,3.392795323120536000e-01
2.360000000000001208e+00,2.006040615487593159e-01,2.954743521677018481e-01,3.349557169851637428e-01,3.374078712159447324e-01,3.375725807419629465e-01
2.365000000000001101e+00,1.998058237429046480e-01,2.940862677192070396e-01,3.332752725071498889e-01,3.357151129124160138e-01,3.358789987717438197e-01
2.370000000000001439e+00,1.990114140282274457e-01,2.927068652724964526e-01,3.316079346116220794e-01,3.340355676595410106e-01,3.341986306826252306e-01
2.375000000000001776e+00,1.982208223949568082e-01,2.913360996892324639e-01,3.299535691336788479e-01,3.323690866141595923e-01,3.325313366331353326e-01
2.380000000000001670e+00,1.974340329846670239e-01,2.899739224204724852e-01,3.283120353136939062e-01,3.307155332299418493e-01,3.308769748855414083e-01
2.385000000000001563e+00,1.966510282713775093e-01,2.886202857210753425e-01,3.266831979331643598e-01,3.290747648776461975e-01,3.292354039297065160e-01
2.390000000000001457e+00,1.958718049710485298e-01,2.872751400184727077e-01,3.250669082932591269e-01,3.274466402358735539e-01,3.276064867563379113e-01
2.395000000000001350e+00,1.950963390984218615e-01,2.859384365661024052e-01,3.234630333470713270e-01,3.258310209253159062e-01,3.259900797614180834e-01
2.400000000000001243e+00,1.943246219937578845e-01,2.846101311959616242e-01,3.218714484276576360e-01,3.242277806236872340e-01,3.243860550838918999e-01
2.405000000000001137e+00,1.935566401967127037e-01,2.832901699612035418e-01,3.202920149303347119e-01,3.226367774467055471e-01,3.227942778316618688e-01
2.410000000000001474e+00,1.927923775424390807e-01,2.819785056362713038e-01,3.187245994551448636e-01,3.210578901979845301e-01,3.212146161990505622e-01
2.415000000000001812e+00,1.920318172843328841e-01,2.806750886841238302e-01,3.171690792469486486e-01,3.194909773174273160e-01,3.196469415223115451e-01
2.420000000000001705e+00,1.912749506916001929e-01,2.793798710065689139e-01,3.156253288949531499e-01,3.179359250538030257e-01,3.180911283351408603e-01
2.425000000000001599e+00,1.905217609843302962e-01,2.780928038181864070e-01,3.140932187117864149e-01,3.163925987759166336e-01,3.165470511934389553e-01
2.430000000000001492e+00,1.897722340471476310e-01,2.768138360331741654e-01,3.125726298192079144e-01,3.148608778502650085e-01,3.150145814601048033e-01
2.435000000000001386e+00,1.890263514336966155e-01,2.755429169576386061e-01,3.110634402236913121e-01,3.133406347211044607e-01,3.134935959447917586e-01
2.440000000000001279e+00,1.882841092903931868e-01,2.742800038912919791e-01,3.095655421425648757e-01,3.118317744110756240e-01,3.119839997367536699e-01
2.445000000000001172e+00,1.875454815947198428e-01,2.730250372484645527e-01,3.080788019960147284e-01,3.103341447552311894e-01,3.104856385660605400e-01
